A_value_Hz,threshold
100.0,0.7730640000000001
300.0,0.482866
900.0,0.12885533333333332
