noise_level,threshold
0.64,0.025428999999999997
1.44,0.02666433333333333
